Date,Open,Close,Volume,LogReturn
03/01/2005,10783.75,10729.42969,270620000,-0.002193173
04/01/2005,10727.80957,10630.78027,293280000,-0.003945914
05/01/2005,10629.53027,10597.83008,263550000,-0.001297121
06/01/2005,10593.19043,10622.87988,232850000,0.001215491
07/01/2005,10624.79981,10603.95996,283770000,-0.000852676
10/01/2005,10603.44043,10621.03027,279500000,0.000719846
11/01/2005,10619.76953,10556.21973,292050000,-0.00260667
12/01/2005,10561.32031,10617.78027,293140000,0.002315519
13/01/2005,10617.41016,10505.83008,271180000,-0.004588222
14/01/2005,10506.70996,10558,223070000,0.002114914
18/01/2005,10554.23047,10628.79004,267680000,0.003057255
19/01/2005,10626.04981,10539.96973,242250000,-0.003532484
20/01/2005,10538.90039,10471.46973,242810000,-0.002787658
21/01/2005,10471.98047,10392.99023,275680000,-0.003288304
24/01/2005,10393.58008,10368.61035,259170000,-0.001044612
25/01/2005,10369.41992,10461.55957,260720000,0.00384197
26/01/2005,10463.19043,10498.58984,247140000,0.00146684
27/01/2005,10498.13965,10467.40039,269690000,-0.001273509
28/01/2005,10470.58008,10427.2002,358720000,-0.001803031
31/01/2005,10428.75977,10489.94043,298060000,0.002540359
01/02/2005,10489.71973,10551.94043,283800000,0.002568446
02/02/2005,10551.04981,10596.79004,279860000,0.001878656
03/02/2005,10592.20996,10593.09961,229000000,3.64752E-05
04/02/2005,10593.16992,10716.12988,246270000,0.00501203
07/02/2005,10715.75977,10715.75977,218040000,0
08/02/2005,10712.50977,10724.62988,244710000,0.000491082
09/02/2005,10717.75977,10664.11035,310030000,-0.002179388
10/02/2005,10665,10749.61035,254150000,0.003431863
11/02/2005,10742.91992,10796.00977,263370000,0.00214093
14/02/2005,10795.71973,10791.12988,215370000,-0.000184681
15/02/2005,10791.05957,10837.32031,241500000,0.00185782
16/02/2005,10832.03027,10834.87988,256940000,0.000114236
17/02/2005,10835.03027,10754.25977,257860000,-0.003249607
18/02/2005,10755.15039,10785.21973,335660000,0.00121251
22/02/2005,10783.37988,10611.2002,340910000,-0.006990397
23/02/2005,10609.28027,10673.79004,268490000,0.002632733
24/02/2005,10672.24023,10748.79004,257340000,0.003103987
25/02/2005,10748.41992,10841.59961,247140000,0.003748739
28/02/2005,10842.04981,10766.23047,288160000,-0.003047726
01/03/2005,10769.04004,10830,247210000,0.002451465
02/03/2005,10825.67969,10811.96973,235950000,-0.000550352
03/03/2005,10812.26953,10833.03027,233480000,0.000833093
04/03/2005,10834.50977,10940.54981,240210000,0.004229882
07/03/2005,10940.54981,10936.86035,229120000,-0.000146481
08/03/2005,10935.59961,10912.62012,205970000,-0.000913564
09/03/2005,10912.32031,10805.62012,267970000,-0.00426741
10/03/2005,10806.28027,10851.50977,224040000,0.001813938
11/03/2005,10845.29981,10774.36035,243050000,-0.002850065
14/03/2005,10773.91992,10804.50977,237050000,0.001231323
15/03/2005,10804.29004,10745.09961,237710000,-0.002385788
16/03/2005,10741.62988,10633.07031,278620000,-0.004411498
17/03/2005,10633.29981,10626.34961,228160000,-0.000283959
18/03/2005,10627.83008,10629.66992,531670000,7.51767E-05
21/03/2005,10629.90039,10565.38965,254560000,-0.002643677
22/03/2005,10565.38965,10470.50977,308690000,-0.003917692
23/03/2005,10470.58008,10456.01953,327490000,-0.000604357
24/03/2005,10457.05957,10442.87012,238110000,-0.000589706
28/03/2005,10444.12988,10485.65039,213820000,0.001723109
29/03/2005,10485.65039,10405.7002,301970000,-0.003324065
30/03/2005,10405.76953,10540.92969,276060000,0.005604714
31/03/2005,10541.58984,10503.75977,259250000,-0.001561334
01/04/2005,10504.57031,10404.29981,318810000,-0.004165434
04/04/2005,10401.70996,10421.13965,293800000,0.000810476
05/04/2005,10421.13965,10458.45996,271690000,0.001552522
06/04/2005,10453.4502,10486.01953,237570000,0.001351008
07/04/2005,10485.87988,10546.32031,283340000,0.002496079
08/04/2005,10546.32031,10461.33984,201110000,-0.003513647
11/04/2005,10462.08008,10448.55957,192720000,-0.000561617
12/04/2005,10448.62988,10507.96973,267070000,0.002459467
13/04/2005,10507.4502,10403.92969,274850000,-0.004299932
14/04/2005,10403.70996,10278.75,303780000,-0.005247933
15/04/2005,10276.61035,10087.50977,417360000,-0.008065922
18/04/2005,10088.54004,10071.25,301220000,-0.000744945
19/04/2005,10071.54981,10127.41016,285960000,0.002402094
20/04/2005,10131.17969,10012.36035,323910000,-0.005123546
21/04/2005,10010.50977,10218.59961,287550000,0.008935189
22/04/2005,10218.59961,10157.70996,273540000,-0.002595575
25/04/2005,10158.51953,10242.46973,231210000,0.003574269
26/04/2005,10240.99023,10151.12988,255270000,-0.003827567
27/04/2005,10150.32031,10198.79981,248390000,0.00206932
28/04/2005,10194.58008,10070.37012,279300000,-0.005323909
29/04/2005,10070.37012,10192.50977,303790000,0.005235704
02/05/2005,10192,10251.7002,239610000,0.002536482
03/05/2005,10251.04004,10256.9502,277710000,0.000250317
04/05/2005,10255.25,10384.63965,275240000,0.005445179
05/05/2005,10384.49023,10340.37988,236460000,-0.001848688
06/05/2005,10339.70996,10345.40039,230410000,0.000238947
09/05/2005,10345.40039,10384.33984,204600000,0.001631589
10/05/2005,10382.94043,10281.11035,234910000,-0.004280342
11/05/2005,10272.91016,10300.25,214890000,0.001154276
12/05/2005,10299.74023,10189.48047,249840000,-0.00467423
13/05/2005,10188.23047,10140.12012,258410000,-0.002055661
16/05/2005,10139.61035,10252.29004,217230000,0.004799618
17/05/2005,10247.49023,10331.87988,241110000,0.003561835
18/05/2005,10323.19043,10464.4502,299760000,0.005902477
19/05/2005,10464.4502,10493.19043,209180000,0.001191139
20/05/2005,10492.75,10471.91016,232250000,-0.000863418
23/05/2005,10472.79981,10523.55957,225290000,0.002099862
24/05/2005,10522.67969,10503.67969,204650000,-0.000784881
25/05/2005,10503.16992,10457.79981,187990000,-0.001880068
26/05/2005,10458.67969,10537.59961,194620000,0.003264831
27/05/2005,10537.08008,10542.54981,168060000,0.000225381
31/05/2005,10541.88965,10467.48047,240780000,-0.003076307
01/06/2005,10462.86035,10549.87012,232630000,0.003596684
02/06/2005,10548.83008,10553.49023,187680000,0.000191816
03/06/2005,10552.82031,10460.96973,222230000,-0.003796598
06/06/2005,10461.63965,10467.03027,170200000,0.000223724
07/06/2005,10466,10483.07031,213990000,0.000707768
08/06/2005,10484.83984,10476.86035,195810000,-0.000330646
09/06/2005,10477.75,10503.01953,209810000,0.001046141
10/06/2005,10503.01953,10512.62988,217100000,0.000397201
13/06/2005,10503.57031,10522.55957,205630000,0.000784446
14/06/2005,10521.9502,10547.57031,192030000,0.001056187
15/06/2005,10548.65039,10566.37012,220840000,0.00072892
16/06/2005,10566.75977,10578.65039,217730000,0.000488431
17/06/2005,10580.41016,10623.07031,373400000,0.001747552
20/06/2005,10621.54004,10609.11035,173110000,-0.000508524
21/06/2005,10608.87988,10599.66992,204330000,-0.000377191
22/06/2005,10599.36035,10587.92969,198810000,-0.000468609
23/06/2005,10587.08984,10421.44043,288030000,-0.006848848
24/06/2005,10422.28027,10297.83984,343150000,-0.005216615
27/06/2005,10298.07031,10290.78027,220510000,-0.000307547
28/06/2005,10291.00977,10405.62988,215350000,0.004810384
29/06/2005,10405.94043,10374.48047,222550000,-0.001314978
30/06/2005,10374.17969,10274.96973,301810000,-0.004173215
01/07/2005,10273.58984,10303.44043,231380000,0.001260041
05/07/2005,10303.12988,10371.79981,235620000,0.002884951
06/07/2005,10366.51953,10270.67969,237210000,-0.004033785
07/07/2005,10269.75977,10302.29004,275310000,0.001373488
08/07/2005,10302.90039,10449.13965,249260000,0.006121032
11/07/2005,10449.59961,10519.71973,225470000,0.002904519
12/07/2005,10519.49023,10513.88965,233390000,-0.00023128
13/07/2005,10513.36035,10557.38965,216660000,0.001815
14/07/2005,10559.86035,10628.88965,267790000,0.002829723
15/07/2005,10629.44043,10640.83008,239700000,0.000465106
18/07/2005,10640.19043,10574.99023,206290000,-0.002669426
19/07/2005,10576.90039,10646.55957,318160000,0.002850874
20/07/2005,10629.51953,10689.15039,312420000,0.002429553
21/07/2005,10690.03027,10627.76953,281750000,-0.002536807
22/07/2005,10624.19043,10651.17969,231480000,0.001101865
25/07/2005,10651.66016,10596.48047,190250000,-0.00225566
26/07/2005,10597.59961,10579.76953,220390000,-0.0007313
27/07/2005,10579.4502,10637.08984,213220000,0.002359729
28/07/2005,10633.5,10705.54981,220170000,0.002932741
29/07/2005,10705.16016,10640.91016,215280000,-0.002614393
01/08/2005,10641.78027,10623.15039,192790000,-0.000760958
02/08/2005,10623.79004,10683.74023,241690000,0.002443841
03/08/2005,10681.50977,10697.58984,237650000,0.000653301
04/08/2005,10696.79981,10610.09961,230600000,-0.003534407
05/08/2005,10610.33984,10558.03027,218240000,-0.002146391
08/08/2005,10557.24023,10536.92969,185880000,-0.000836322
09/08/2005,10537.65039,10615.66992,207460000,0.003203621
10/08/2005,10606.51953,10594.41016,258420000,-0.000496114
11/08/2005,10591.83008,10685.88965,234250000,0.00383968
12/08/2005,10682.7002,10600.30957,218890000,-0.003362492
15/08/2005,10599.19043,10634.37988,173340000,0.001439475
16/08/2005,10631.58984,10513.4502,232520000,-0.004852952
17/08/2005,10505.59961,10550.70996,235040000,0.00186084
18/08/2005,10549.75,10554.92969,213900000,0.000213176
19/08/2005,10552.7002,10559.23047,219830000,0.000268669
22/08/2005,10559.23047,10569.88965,215570000,0.000438184
23/08/2005,10571.00977,10519.58008,210670000,-0.00211807
24/08/2005,10519.33984,10434.87012,256640000,-0.003501438
25/08/2005,10434.38965,10450.62988,188100000,0.000675417
26/08/2005,10450.9502,10397.29004,192100000,-0.002235619
29/08/2005,10396.90039,10463.04981,202970000,0.002754409
30/08/2005,10461.54004,10412.82031,234650000,-0.002027247
31/08/2005,10409.08008,10481.59961,281200000,0.003015216
01/09/2005,10481.44043,10459.62988,278990000,-0.000904653
02/09/2005,10460.66992,10447.37012,204490000,-0.000552518
06/09/2005,10447.69043,10589.24023,233670000,0.005844505
07/09/2005,10588.67969,10633.5,226790000,0.001834424
08/09/2005,10633.11035,10595.92969,222990000,-0.001521253
09/09/2005,10594.09961,10678.55957,247140000,0.003448623
12/09/2005,10678.41016,10682.94043,201190000,0.000184209
13/09/2005,10673.70996,10597.44043,222620000,-0.003114413
14/09/2005,10597.51953,10544.90039,225350000,-0.002161744
15/09/2005,10545.84961,10558.75,225350000,0.000530933
16/09/2005,10560.5,10641.94043,546940000,0.003336343
19/09/2005,10641.87012,10557.62988,233530000,-0.003451521
20/09/2005,10558.19043,10481.51953,244560000,-0.003165243
21/09/2005,10484.23047,10378.03027,266650000,-0.004421626
22/09/2005,10376.2002,10422.04981,254260000,0.001914802
23/09/2005,10422.04981,10419.58984,238590000,-0.00010252
26/09/2005,10420.21973,10443.62988,234320000,0.000974595
27/09/2005,10444.58008,10456.20996,224960000,0.000483311
28/09/2005,10456.61035,10473.08984,238740000,0.000683904
29/09/2005,10472.61035,10552.78027,236020000,0.00331195
30/09/2005,10552.7002,10568.7002,222160000,0.000657978
03/10/2005,10569.5,10535.48047,239190000,-0.001400097
04/10/2005,10534.36035,10441.11035,301840000,-0.003861484
05/10/2005,10434.80957,10317.36035,266720000,-0.004915929
06/10/2005,10317.36035,10287.09961,316440000,-0.001275654
07/10/2005,10287.41992,10292.30957,237340000,0.000206373
10/10/2005,10292.9502,10238.75977,236540000,-0.002292518
11/10/2005,10239.16016,10253.16992,261000000,0.000593819
12/10/2005,10253.80957,10216.91016,293420000,-0.001565673
13/10/2005,10216.91016,10216.58984,270400000,-1.36158E-05
14/10/2005,10216.58984,10287.33984,238950000,0.002997129
17/10/2005,10287.41992,10348.09961,242880000,0.002554133
18/10/2005,10349.13965,10285.25977,297590000,-0.002688982
19/10/2005,10277.17969,10414.12988,316880000,0.00574904
20/10/2005,10411.73047,10281.09961,334850000,-0.00548335
21/10/2005,10282.21973,10215.21973,357930000,-0.002839168
24/10/2005,10216.11035,10385,263690000,0.007120925
25/10/2005,10383.87988,10377.87012,246960000,-0.000251425
26/10/2005,10377.38965,10344.98047,266810000,-0.001358449
27/10/2005,10344.74023,10229.9502,236490000,-0.00484607
28/10/2005,10231.15039,10402.76953,283060000,0.007224508
31/10/2005,10403.16992,10440.07031,320080000,0.001537731
01/11/2005,10440.07031,10406.76953,294480000,-0.001387487
02/11/2005,10406.29004,10472.73047,279710000,0.002764
03/11/2005,10470.49023,10522.58984,320900000,0.002155626
04/11/2005,10523.23047,10530.75977,230870000,0.000310624
07/11/2005,10531.24023,10586.23047,241260000,0.002261825
08/11/2005,10574.17969,10539.71973,201770000,-0.001417624
09/11/2005,10539.24023,10546.20996,244430000,0.000287109
10/11/2005,10541.16016,10640.09961,293350000,0.004057282
11/11/2005,10640.09961,10686.04004,195880000,0.001871103
14/11/2005,10686.59961,10697.16992,211290000,0.000429356
15/11/2005,10697.16992,10686.44043,267560000,-0.000435825
16/11/2005,10683.03027,10674.75977,286000000,-0.000336349
17/11/2005,10677,10720.21973,274320000,0.001754444
18/11/2005,10719.33984,10766.33008,351030000,0.001899651
21/11/2005,10766.33008,10820.28027,250280000,0.00217082
22/11/2005,10815.95996,10871.42969,311190000,0.00222159
23/11/2005,10871.42969,10916.08984,236740000,0.00178044
25/11/2005,10916.08984,10931.62012,122460000,0.00061743
28/11/2005,10932.74023,10890.71973,259360000,-0.001672448
29/11/2005,10888.48047,10888.16016,255250000,-1.27761E-05
30/11/2005,10883.91016,10805.87012,257650000,-0.003125205
01/12/2005,10806.03027,10912.57031,256980000,0.004260875
02/12/2005,10912.00977,10877.50977,214900000,-0.001375264
05/12/2005,10876.9502,10835.00977,237340000,-0.001677833
06/12/2005,10835.41016,10856.86035,264630000,0.000858896
07/12/2005,10856.86035,10810.91016,243490000,-0.001841994
08/12/2005,10808.42969,10755.12012,253290000,-0.002147337
09/12/2005,10751.75977,10778.58008,238930000,0.001082001
12/12/2005,10778.66016,10767.76953,254130000,-0.000439028
13/12/2005,10765.69043,10823.71973,329050000,0.002334651
14/12/2005,10821.32031,10883.50977,336440000,0.002488719
15/12/2005,10883.42969,10881.66992,297560000,-7.02277E-05
16/12/2005,10881.66992,10875.58984,419040000,-0.000242728
19/12/2005,10875.50977,10836.53027,331170000,-0.001559374
20/12/2005,10836.92969,10805.54981,254440000,-0.001259386
21/12/2005,10805.62988,10833.73047,257850000,0.001127939
22/12/2005,10831.55957,10889.44043,229500000,0.002314571
23/12/2005,10883.26953,10883.26953,126720000,0
27/12/2005,10883.75,10777.76953,174190000,-0.004249665
28/12/2005,10778.25,10796.25977,153230000,0.000725073
29/12/2005,10795.7002,10784.82031,160010000,-0.000437902
30/12/2005,10783.86035,10717.5,191020000,-0.002680763
03/01/2006,10718.29981,10847.41016,302950000,0.005200161
04/01/2006,10843.96973,10880.15039,271490000,0.001446602
05/01/2006,10880.38965,10882.15039,250910000,7.0275E-05
06/01/2006,10875.4502,10959.30957,291740000,0.003335951
09/01/2006,10959.46973,11011.90039,248240000,0.002072733
10/01/2006,11010.45996,11011.58008,264270000,4.41794E-05
11/01/2006,11011.66016,11043.44043,266260000,0.001251593
12/01/2006,11043.44043,10962.36035,296400000,-0.003200319
13/01/2006,10961.48047,10959.87012,209940000,-6.38069E-05
17/01/2006,10957.87012,10896.32031,251470000,-0.002446287
18/01/2006,10890.08008,10854.86035,361540000,-0.001406833
19/01/2006,10855.17969,10880.70996,370960000,0.001020217
20/01/2006,10880.70996,10667.38965,519090000,-0.008599075
23/01/2006,10668.75,10688.76953,366090000,0.000814175
24/01/2006,10690.20996,10712.21973,375980000,0.000893237
25/01/2006,10713.25977,10709.74023,412460000,-0.000142698
26/01/2006,10711.01953,10809.46973,400550000,0.003973578
27/01/2006,10815.32031,10907.20996,398810000,0.003674287
30/01/2006,10908.49023,10899.91992,323690000,-0.00034134
31/01/2006,10900.40039,10864.86035,369370000,-0.001418302
01/02/2006,10862.13965,10953.9502,333580000,0.00365538
02/02/2006,10950.11035,10851.98047,314190000,-0.003909492
03/02/2006,10849.57031,10793.62012,346600000,-0.00224541
06/02/2006,10793.29981,10798.26953,263190000,0.000199923
07/02/2006,10796.41992,10749.75977,351880000,-0.001881009
08/02/2006,10742.16016,10858.62012,330080000,0.004683017
09/02/2006,10859.41992,10883.34961,314190000,0.000955953
10/02/2006,10883.50977,10919.04981,303570000,0.001415876
13/02/2006,10915.20996,10892.32031,244330000,-0.00091169
14/02/2006,10890.71973,11028.38965,307060000,0.00545552
15/02/2006,11025.66992,11058.96973,298850000,0.001309682
16/02/2006,11059.04981,11120.67969,302980000,0.002413518
17/02/2006,11119.55957,11115.32031,329160000,-0.000165603
21/02/2006,11115.48047,11069.05957,270410000,-0.001817515
22/02/2006,11065.29004,11137.16992,337280000,0.002812044
23/02/2006,11133.51953,11069.21973,270410000,-0.002515467
24/02/2006,11065.76953,11061.84961,247270000,-0.000153871
27/02/2006,11062.80957,11097.54981,268610000,0.001361666
28/02/2006,11096.75,10993.41016,325450000,-0.00406337
01/03/2006,10993.25,11053.53027,270620000,0.002374901
02/03/2006,11052.57031,11025.50977,274280000,-0.001064608
03/03/2006,11024.23047,11021.58984,365750000,-0.000104039
06/03/2006,11022.46973,10958.58984,292510000,-0.002524242
07/03/2006,10957.30957,10980.69043,284770000,0.000925716
08/03/2006,10977.08008,11005.74023,276610000,0.001132426
09/03/2006,11005.66016,10972.28027,266390000,-0.001319206
10/03/2006,10972.91992,11076.33984,257440000,0.004074062
13/03/2006,11067.61035,11076.01953,251020000,0.000329852
14/03/2006,11076.01953,11151.33984,251560000,0.002943339
15/03/2006,11149.75977,11209.76953,274740000,0.002331174
16/03/2006,11210.96973,11253.24023,306150000,0.00163441
17/03/2006,11254.12012,11279.65039,480830000,0.000984093
20/03/2006,11278.92969,11274.53027,247410000,-0.000169432
21/03/2006,11275.88965,11235.46973,331800000,-0.001559583
22/03/2006,11234.50977,11317.42969,342980000,0.003193679
23/03/2006,11317.34961,11270.29004,292420000,-0.001809639
24/03/2006,11270.61035,11279.96973,240800000,0.000360499
27/03/2006,11280.12988,11250.11035,226240000,-0.001157318
28/03/2006,11250.11035,11154.54004,272490000,-0.003705116
29/03/2006,11154.94043,11215.7002,279470000,0.002359136
30/03/2006,11216.33984,11150.7002,276900000,-0.00254902
31/03/2006,11151.33984,11109.32031,317000000,-0.001639563
03/04/2006,11113,11144.94043,278440000,0.001246437
04/04/2006,11142.54004,11203.84961,246950000,0.002383067
05/04/2006,11203.20996,11239.54981,250190000,0.001406441
06/04/2006,11233.00977,11216.5,240370000,-0.000638776
07/04/2006,11217.13965,11120.04004,256290000,-0.003775776
10/04/2006,11119.87988,11141.33008,207380000,0.000836945
11/04/2006,11141.33008,11089.62988,266080000,-0.002019989
12/04/2006,11089.46973,11129.96973,212590000,0.001583203
13/04/2006,11130.12988,11137.65039,230870000,0.000293349
17/04/2006,11137.33008,11073.78027,239730000,-0.002485189
18/04/2006,11074.58008,11268.76953,309660000,0.007549229
19/04/2006,11265.40039,11278.76953,292280000,0.000515091
20/04/2006,11278.53027,11342.88965,336420000,0.002471197
21/04/2006,11343.4502,11347.4502,325090000,0.000153117
24/04/2006,11346.80957,11336.32031,232000000,-0.000401658
25/04/2006,11336.55957,11283.25,289230000,-0.002047064
26/04/2006,11283.25,11354.49023,270270000,0.00273343
27/04/2006,11349.53027,11382.50977,361740000,0.001260144
28/04/2006,11358.33008,11367.13965,738440000,0.00033671
01/05/2006,11367.78027,11343.29004,365970000,-0.000936634
02/05/2006,11345.20996,11416.4502,335420000,0.002718549
03/05/2006,11414.69043,11400.28027,380540000,-0.000548609
04/05/2006,11401.79981,11438.86035,333940000,0.001409347
05/05/2006,11440.62012,11577.74023,338910000,0.005174236
08/05/2006,11576.37012,11584.54004,309920000,0.000306391
09/05/2006,11584.62012,11639.76953,263250000,0.002062584
10/05/2006,11630.48047,11642.65039,284530000,0.0004542
11/05/2006,11639.29004,11500.73047,322510000,-0.005201065
12/05/2006,11500.00977,11380.99023,321240000,-0.004518158
15/05/2006,11380.42969,11428.76953,300550000,0.001840815
16/05/2006,11428.20996,11419.88965,307170000,-0.000316303
17/05/2006,11410.12988,11205.61035,399460000,-0.007855071
18/05/2006,11206.16992,11128.29004,338300000,-0.003028767
19/05/2006,11124.37012,11144.05957,485500000,0.000767995
22/05/2006,11143.41992,11125.33008,340590000,-0.000705592
23/05/2006,11126.29004,11098.34961,315860000,-0.001091975
24/05/2006,11100.11035,11117.32031,466330000,0.000672822
25/05/2006,11114.95996,11211.04981,295350000,0.003738379
26/05/2006,11211.69043,11278.61035,240330000,0.002584495
30/05/2006,11277.25,11094.42969,261260000,-0.007098226
31/05/2006,11091.15039,11168.30957,353660000,0.003010849
01/06/2006,11169.03027,11260.28027,295150000,0.003533732
02/06/2006,11260.51953,11247.87012,268640000,-0.000488135
05/06/2006,11247.54981,11048.71973,254990000,-0.007745968
06/06/2006,11048.24023,11002.13965,385870000,-0.001815956
07/06/2006,11002.05957,10930.90039,333490000,-0.002818055
08/06/2006,10929.7002,10938.82031,442150000,0.000362239
09/06/2006,10939.13965,10891.91992,272930000,-0.001878727
12/06/2006,10892,10792.58008,272490000,-0.003982353
13/06/2006,10783.13965,10706.13965,399220000,-0.003112326
14/06/2006,10706.78027,10816.91992,355620000,0.004444725
15/06/2006,10817.48047,11015.19043,358870000,0.00786589
16/06/2006,11014.37988,11014.54981,451930000,6.69993E-06
19/06/2006,11014.87012,10942.11035,377040000,-0.00287829
20/06/2006,10942.03027,10974.83984,274060000,0.001300279
21/06/2006,10975.24023,11079.45996,309290000,0.004104557
22/06/2006,11077.78027,11019.11035,250460000,-0.002306214
23/06/2006,11019.19043,10989.08984,221940000,-0.001187964
26/06/2006,10990.29004,11045.28027,202770000,0.002167587
27/06/2006,11048.24023,10924.74023,269010000,-0.00488199
28/06/2006,10925.29981,10973.55957,260240000,0.001914162
29/06/2006,10974.36035,11190.79981,337830000,0.00848191
30/06/2006,11190.79981,11150.21973,365670000,-0.001577701
03/07/2006,11149.33984,11228.01953,134790000,0.003054006
05/07/2006,11225.05957,11151.82031,248320000,-0.002842891
06/07/2006,11147.12012,11225.29981,224520000,0.003035268
07/07/2006,11224.17969,11090.66992,253730000,-0.005196831
10/07/2006,11091.70996,11103.54981,207740000,0.00046334
11/07/2006,11102.58984,11134.76953,298130000,0.001256936
12/07/2006,11133.96973,11013.17969,266320000,-0.004737311
13/07/2006,11012.62012,10846.29004,328780000,-0.006609445
14/07/2006,10846.53027,10739.34961,312080000,-0.004312852
17/07/2006,10739.34961,10747.36035,251640000,0.00032383
18/07/2006,10745.83984,10799.23047,288860000,0.002152446
19/07/2006,10797.38965,11011.41992,343400000,0.008524551
20/07/2006,11007.25977,10928.09961,336300000,-0.003134571
21/07/2006,10937.94043,10868.37988,433240000,-0.002770744
24/07/2006,10868.7002,11051.04981,269370000,0.007225927
25/07/2006,11051.04981,11103.70996,281840000,0.002064573
26/07/2006,11102.91016,11102.50977,287170000,-1.56617E-05
27/07/2006,11104.19043,11100.42969,286530000,-0.000147111
28/07/2006,11102.11035,11219.7002,269730000,0.004575712
31/07/2006,11218.90039,11185.67969,226190000,-0.001287913
01/08/2006,11184.79981,11125.73047,199150000,-0.002299681
02/08/2006,11125.57031,11199.92969,229410000,0.002893013
03/08/2006,11195.28027,11242.58984,211890000,0.001831396
04/08/2006,11244.58984,11240.34961,210410000,-0.000163799
07/08/2006,11239.46973,11219.37988,169710000,-0.000776969
08/08/2006,11218.17969,11173.58984,261520000,-0.001729667
09/08/2006,11168.46973,11076.17969,231270000,-0.003603679
10/08/2006,11073.13965,11124.37012,211270000,0.002004653
11/08/2006,11121.16016,11088.03027,166870000,-0.001295692
14/08/2006,11089.07031,11097.87012,205830000,0.000344501
15/08/2006,11098.03027,11230.25977,208750000,0.005143897
16/08/2006,11224.91016,11327.12012,219190000,0.003936632
17/08/2006,11327.36035,11334.95996,243000000,0.000291274
18/08/2006,11333.75977,11381.46973,282660000,0.001824345
21/08/2006,11380.66992,11345.04981,196220000,-0.001361421
22/08/2006,11344.41016,11339.83984,213690000,-0.000174999
23/08/2006,11337.12012,11297.90039,170410000,-0.001505007
24/08/2006,11297.82031,11304.45996,170710000,0.000255157
25/08/2006,11301.21973,11284.04981,150200000,-0.000660325
28/08/2006,11285.33008,11352.00977,180810000,0.00255849
29/08/2006,11352.65039,11369.94043,198620000,0.000660926
30/08/2006,11365.98047,11382.91016,180100000,0.000646403
31/08/2006,11383.46973,11381.15039,156960000,-8.84948E-05
01/09/2006,11382.75,11464.15039,168010000,0.003094677
05/09/2006,11461.83008,11469.28027,184960000,0.0002822
06/09/2006,11466.23047,11406.2002,190990000,-0.002279677
07/09/2006,11405.16016,11331.44043,213670000,-0.002816268
08/09/2006,11332.24023,11392.11035,161650000,0.002288411
11/09/2006,11389.87012,11396.83984,216000000,0.000265674
12/09/2006,11396.83984,11498.08984,237300000,0.003841253
13/09/2006,11487.69043,11543.32031,214190000,0.002098023
14/09/2006,11543.40039,11527.38965,203780000,-0.000602786
15/09/2006,11528.75,11560.76953,365450000,0.001204522
18/09/2006,11559.96973,11555,192680000,-0.000186747
19/09/2006,11554.59961,11540.91016,178880000,-0.000514841
20/09/2006,11542.28027,11613.19043,226390000,0.002659932
21/09/2006,11611.66992,11533.23047,241370000,-0.002943711
22/09/2006,11532.91016,11508.09961,198480000,-0.000935296
25/09/2006,11509.29981,11575.80957,267990000,0.002502471
26/09/2006,11575.73047,11669.38965,283670000,0.003499735
27/09/2006,11670.19043,11689.24023,296890000,0.000708341
28/09/2006,11689.40039,11718.4502,236500000,0.001077944
29/09/2006,11718.04981,11679.07031,216040000,-0.001447066
02/10/2006,11678.99023,11670.34961,198010000,-0.000321429
03/10/2006,11670.11035,11727.33984,230570000,0.002124548
04/10/2006,11722.94043,11850.61035,281860000,0.004704161
05/10/2006,11844.37988,11866.69043,253550000,0.000817285
06/10/2006,11865.49023,11850.20996,242980000,-0.000559641
09/10/2006,11849.55957,11857.80957,177940000,0.000302263
10/10/2006,11857.73047,11867.16992,227210000,0.000345586
11/10/2006,11865.49023,11852.12988,256040000,-0.000489284
12/10/2006,11854.12988,11947.7002,291010000,0.003414635
13/10/2006,11947.21973,11960.50977,295100000,0.000482839
16/10/2006,11961.30957,11980.59961,271740000,0.000699824
17/10/2006,11977.40039,11950.01953,238130000,-0.000993953
18/10/2006,11947.62012,11992.67969,344650000,0.001634829
19/10/2006,11988.91992,12011.73047,260150000,0.000825519
20/10/2006,12013.00977,12002.37012,313840000,-0.000384815
23/10/2006,12116.50977,12116.91016,288780000,1.4351E-05
24/10/2006,12116.50977,12127.87988,257650000,0.00040735
25/10/2006,12127.24023,12134.67969,238470000,0.000266336
26/10/2006,12134.83984,12163.66016,237150000,0.001030229
27/10/2006,12164.78027,12090.25977,277340000,-0.002668637
30/10/2006,12089.13965,12086.5,206240000,-9.4838E-05
31/10/2006,12086.17969,12080.73047,277410000,-0.000195852
01/11/2006,12080.25,12031.01953,245720000,-0.00177349
02/11/2006,12023.98047,12018.54004,222140000,-0.000196548
03/11/2006,12018.29981,11986.04004,197740000,-0.001167309
06/11/2006,11985.16016,12105.54981,211250000,0.004340677
07/11/2006,12104.75,12156.76953,222400000,0.001862359
08/11/2006,12147.37988,12176.54004,252650000,0.001041288
09/11/2006,12174.7002,12103.29981,275340000,-0.002554484
10/11/2006,12102.74023,12108.42969,204440000,0.000204112
13/11/2006,12097.7002,12131.87988,194050000,0.001225284
14/11/2006,12132.44043,12218.00977,255300000,0.0030523
15/11/2006,12214.37012,12251.70996,258840000,0.001325631
16/11/2006,12250.04981,12305.82031,223350000,0.001972715
17/11/2006,12304.62012,12342.55957,285110000,0.001337022
20/11/2006,12340.70996,12316.54004,228960000,-0.000851422
21/11/2006,12312.12988,12321.58984,216660000,0.00033356
22/11/2006,12321.91016,12326.9502,177740000,0.000177603
24/11/2006,12321.70996,12280.16992,77630000,-0.001466606
27/11/2006,12279.12988,12121.70996,236740000,-0.005603705
28/11/2006,12118.94043,12136.4502,222630000,0.000627027
29/11/2006,12134.40039,12226.73047,219270000,0.003292018
30/11/2006,12226.73047,12221.92969,294890000,-0.000170558
01/12/2006,12220.96973,12194.12988,275410000,-0.000954852
04/12/2006,12195.57031,12283.84961,270630000,0.003132376
05/12/2006,12283.69043,12331.59961,233170000,0.001690552
06/12/2006,12328.71973,12309.25,220840000,-0.000686387
07/12/2006,12310.12988,12278.41016,251340000,-0.001120498
08/12/2006,12278.41016,12307.49023,240800000,0.001027363
11/12/2006,12306.20996,12328.48047,213850000,0.000785231
12/12/2006,12328.24023,12315.58008,248140000,-0.000446216
13/12/2006,12312.70996,12317.5,213520000,0.000168922
14/12/2006,12317.5,12416.75977,253900000,0.003485708
15/12/2006,12417.95996,12445.51953,417750000,0.000962775
18/12/2006,12446.24023,12441.26953,237310000,-0.000173481
19/12/2006,12439.50977,12471.32031,233450000,0.001109168
20/12/2006,12471.32031,12463.87012,193300000,-0.000259519
21/12/2006,12461.62012,12421.25,192090000,-0.001409205
22/12/2006,12413.08008,12343.21973,143650000,-0.002451097
26/12/2006,12341.94043,12407.62988,110210000,0.002305384
27/12/2006,12408.42969,12510.57031,143650000,0.003560284
28/12/2006,12510.57031,12501.51953,126740000,-0.000314304
29/12/2006,12500.48047,12463.15039,161560000,-0.00129887
03/01/2007,12459.54004,12474.51953,327200000,0.000521817
04/01/2007,12473.16016,12480.69043,259060000,0.000262112
05/01/2007,12480.04981,12398.00977,235220000,-0.002864344
08/01/2007,12392.00977,12423.49023,223500000,0.001101876
09/01/2007,12424.76953,12416.59961,225190000,-0.000285665
10/01/2007,12417,12442.16016,226570000,0.000879106
11/01/2007,12442.95996,12514.98047,261720000,0.002506473
12/01/2007,12514.66016,12556.08008,256530000,0.001435016
16/01/2007,12555.83984,12582.58984,242720000,0.000924273
17/01/2007,12571.45996,12577.15039,272720000,0.000196537
18/01/2007,12575.05957,12567.92969,250690000,-0.000246309
19/01/2007,12567.92969,12565.53027,287480000,-8.29215E-05
22/01/2007,12565.53027,12477.16016,293400000,-0.003065071
23/01/2007,12477.80957,12533.79981,236760000,0.0019444
24/01/2007,12534.37012,12621.76953,216920000,0.003017731
25/01/2007,12621.76953,12502.55957,275780000,-0.004121313
26/01/2007,12503.28027,12487.01953,247020000,-0.000565175
29/01/2007,12487.09961,12490.78027,234510000,0.000127993
30/01/2007,12492.23047,12523.30957,244040000,0.001079128
31/01/2007,12520.03027,12621.69043,258410000,0.003512145
01/02/2007,12617.2002,12673.67969,235130000,0.001939733
02/02/2007,12673.83984,12653.49023,203610000,-0.000697881
05/02/2007,12653.41016,12661.74023,204140000,0.000285814
06/02/2007,12661.66016,12666.30957,201010000,0.000159445
07/02/2007,12656.86035,12666.87012,194020000,0.000343329
08/02/2007,12665.66992,12637.62988,193820000,-0.000962534
09/02/2007,12638.03027,12580.83008,220330000,-0.001970095
12/02/2007,12580.11035,12552.54981,174980000,-0.000952498
13/02/2007,12549.19043,12654.84961,204940000,0.003641279
14/02/2007,12651.29004,12741.86035,210880000,0.003098029
15/02/2007,12741.7002,12765.00977,183280000,0.000793769
16/02/2007,12764.12988,12767.57031,243560000,0.000117043
20/02/2007,12766.84961,12786.63965,205760000,0.000672684
21/02/2007,12782.87012,12738.41016,213470000,-0.001513148
22/02/2007,12735.76953,12686.01953,206860000,-0.001699816
23/02/2007,12679.88965,12647.48047,215430000,-0.001111457
26/02/2007,12647.87988,12632.25977,230080000,-0.000536685
27/02/2007,12628.90039,12216.24023,393300000,-0.014427973
28/02/2007,12214.91992,12268.62988,412820000,0.001905441
01/03/2007,12268.62988,12234.33984,372010000,-0.001215525
02/03/2007,12233.78027,12114.09961,315180000,-0.004269536
05/03/2007,12111.61035,12050.41016,278770000,-0.002200061
06/03/2007,12051.16992,12207.58984,278810000,0.005600719
07/03/2007,12204.45996,12192.4502,263540000,-0.000427577
08/03/2007,12193.33008,12260.7002,241070000,0.002392942
09/03/2007,12262.05957,12276.32031,211040000,0.00050479
12/03/2007,12275.67969,12318.62012,219580000,0.001516515
13/03/2007,12307.49023,12075.95996,312340000,-0.008247835
14/03/2007,12074.51953,12133.40039,333450000,0.002112671
15/03/2007,12133.16016,12159.67969,232600000,0.000948205
16/03/2007,12159.67969,12110.41016,388660000,-0.001763283
19/03/2007,12110.41016,12226.16992,208480000,0.004131575
20/03/2007,12226.80957,12288.09961,196620000,0.002171575
21/03/2007,12288.98047,12447.51953,246000000,0.005566962
22/03/2007,12446.71973,12461.13965,232700000,0.000502853
23/03/2007,12460.5,12481.00977,206410000,0.000714253
26/03/2007,12480.37012,12469.07031,219960000,-0.000393391
27/03/2007,12468.66992,12397.29004,209340000,-0.002493366
28/03/2007,12396.49023,12300.36035,224830000,-0.003380908
29/03/2007,12301.48047,12348.75,208160000,0.001665617
30/03/2007,12348.91016,12354.34961,233630000,0.000191256
02/04/2007,12354.51953,12382.29981,209420000,0.000975455
03/04/2007,12379.04981,12510.29981,220470000,0.004580407
04/04/2007,12511.36035,12530.04981,210130000,0.000648264
05/04/2007,12523.21973,12560.2002,164930000,0.001280561
09/04/2007,12562.63965,12569.13965,191590000,0.000224649
10/04/2007,12568.49023,12573.84961,214690000,0.00018515
11/04/2007,12573.12012,12484.62012,245470000,-0.003067732
12/04/2007,12483.63965,12552.95996,218300000,0.00240492
13/04/2007,12551.91016,12612.12988,224240000,0.002078613
16/04/2007,12611.63965,12720.45996,225020000,0.003731262
17/04/2007,12719.55957,12773.04004,256880000,0.0018222
18/04/2007,12771.08008,12803.83984,261950000,0.001112605
19/04/2007,12799.76953,12808.62988,262590000,0.000300527
20/04/2007,12811.15039,12961.98047,415650000,0.005083233
23/04/2007,12961.98047,12919.40039,223290000,-0.001429005
24/04/2007,12919.63965,12953.94043,238400000,0.001151495
25/04/2007,12951.41992,13089.88965,250170000,0.004618601
26/04/2007,13088.83984,13105.5,251620000,0.000552441
27/04/2007,13104.04004,13120.94043,270910000,0.000559752
30/04/2007,13120.20996,13062.91016,264090000,-0.001900845
01/05/2007,13062.75,13136.13965,248960000,0.002433141
02/05/2007,13133.94043,13211.87988,251340000,0.002569574
03/05/2007,13206.65039,13241.37988,247240000,0.001140564
04/05/2007,13243.08008,13264.62012,236320000,0.000705812
07/05/2007,13264.12988,13312.96973,206190000,0.001596179
08/05/2007,13309.40039,13309.07031,225600000,-1.07708E-05
09/05/2007,13300.62012,13362.87012,237040000,0.002027858
10/05/2007,13359.04981,13215.12988,224640000,-0.004704133
11/05/2007,13212.2002,13326.21973,257840000,0.003731824
14/05/2007,13325.80957,13346.78027,199620000,0.000682908
15/05/2007,13346.04981,13383.83984,265250000,0.00122799
16/05/2007,13486.95996,13487.53027,237790000,1.83643E-05
17/05/2007,13487.53027,13476.71973,195800000,-0.000348236
18/05/2007,13476.40039,13556.53027,282930000,0.002574643
21/05/2007,13556.53027,13542.87988,215550000,-0.000437522
22/05/2007,13544.99023,13539.9502,201290000,-0.000161629
23/05/2007,13540.83984,13525.65039,208260000,-0.000487444
24/05/2007,13522.59961,13441.12988,240810000,-0.002624411
25/05/2007,13441.94043,13507.28027,183470000,0.002105945
29/05/2007,13507.28027,13521.33984,205620000,0.000451817
30/05/2007,13517.88965,13633.08008,224780000,0.003685089
31/05/2007,13633,13627.63965,243510000,-0.000170794
01/06/2007,13628.69043,13668.11035,212780000,0.00125435
04/06/2007,13667.20996,13676.32031,177830000,0.000289398
05/06/2007,13673.19043,13595.45996,223040000,-0.002475957
06/06/2007,13590.66016,13465.66992,236830000,-0.004012588
07/06/2007,13463.48047,13266.73047,298880000,-0.006393439
08/06/2007,13267.13965,13424.38965,242000000,0.005117249
11/06/2007,13424.38965,13424.95996,183300000,1.84499E-05
12/06/2007,13424.38965,13295.00977,233420000,-0.004205889
13/06/2007,13287.62012,13482.34961,253050000,0.006318381
14/06/2007,13482.42969,13553.73047,228680000,0.002290681
15/06/2007,13556.65039,13639.48047,425080000,0.002645432
18/06/2007,13639,13612.98047,174380000,-0.000829308
19/06/2007,13611.67969,13635.41992,233720000,0.000756797
20/06/2007,13636.55957,13489.41992,274670000,-0.00471154
21/06/2007,13486.66016,13545.83984,241170000,0.001901522
22/06/2007,13545.03027,13360.25977,380870000,-0.005965078
25/06/2007,13360.08984,13352.04981,251720000,-0.000261435
26/06/2007,13352.37012,13337.66016,240950000,-0.000478715
27/06/2007,13336.92969,13427.73047,246010000,0.002946754
28/06/2007,13427.48047,13422.28027,207130000,-0.000168226
29/06/2007,13422.61035,13408.62012,262110000,-0.000452896
02/07/2007,13409.59961,13535.42969,196410000,0.004056237
03/07/2007,13531.53027,13577.29981,111580000,0.001466494
05/07/2007,13576.24023,13565.83984,188840000,-0.000332829
06/07/2007,13559.00977,13611.67969,176040000,0.001683747
09/07/2007,13612.66016,13649.96973,192840000,0.001188686
10/07/2007,13648.58984,13501.7002,274420000,-0.004699323
11/07/2007,13500.40039,13577.87012,224410000,0.002485001
12/07/2007,13579.33008,13861.73047,300520000,0.008939105
13/07/2007,13859.86035,13907.25,223820000,0.001482407
16/07/2007,13907.08984,13950.98047,209060000,0.00136847
17/07/2007,13951.95996,13971.54981,266020000,0.000609362
18/07/2007,13955.04981,13918.21973,324400000,-0.001147702
19/07/2007,13918.79004,14000.41016,265390000,0.002539275
20/07/2007,14000.73047,13851.08008,377650000,-0.004667055
23/07/2007,13851.73047,13943.41992,237450000,0.002865275
24/07/2007,13940.90039,13716.9502,296990000,-0.007033262
25/07/2007,13718.25,13785.07031,266860000,0.002110273
26/07/2007,13783.12012,13473.57031,426880000,-0.009864848
27/07/2007,13472.67969,13265.46973,337120000,-0.006731352
30/07/2007,13266.20996,13358.30957,295450000,0.003004637
31/07/2007,13360.66016,13211.99023,319890000,-0.004859673
01/08/2007,13211.08984,13362.37012,355960000,0.004944851
02/08/2007,13357.82031,13463.33008,264830000,0.003416896
03/08/2007,13462.25,13181.91016,301800000,-0.009139304
06/08/2007,13183.12988,13468.78027,311810000,0.009309737
07/08/2007,13467.71973,13504.29981,273340000,0.001178001
08/08/2007,13497.23047,13657.86035,288040000,0.005138004
09/08/2007,13652.33008,13270.67969,362490000,-0.012313613
10/08/2007,13270.58984,13239.54004,338560000,-0.001017329
13/08/2007,13239.54004,13236.53027,215260000,-9.87401E-05
14/08/2007,13235.71973,13028.91992,269120000,-0.006839147
15/08/2007,13021.92969,12861.46973,272760000,-0.005384746
16/08/2007,12861.46973,12845.78027,457150000,-0.000530111
17/08/2007,12848.04981,13079.08008,423940000,0.007739987
20/08/2007,13079.08008,13121.34961,231800000,0.001401308
21/08/2007,13120.04981,13090.86035,204000000,-0.000967294
22/08/2007,13090.86035,13236.12988,205530000,0.00479283
23/08/2007,13236.12988,13235.87988,198160000,-8.2029E-06
24/08/2007,13235.87988,13378.87012,186060000,0.00466662
27/08/2007,13377.16016,13322.12988,152440000,-0.001790263
28/08/2007,13318.42969,13041.84961,230470000,-0.009113834
29/08/2007,13043.07031,13289.29004,227440000,0.008121945
30/08/2007,13287.91016,13238.73047,193240000,-0.001610343
31/08/2007,13240.83984,13357.74023,234920000,0.003817461
04/09/2007,13358.38965,13448.86035,262260000,0.002931377
05/09/2007,13442.84961,13305.46973,231850000,-0.004461129
06/09/2007,13306.44043,13363.34961,203600000,0.001853436
07/09/2007,13360.74023,13113.37988,238300000,-0.008115878
10/09/2007,13116.38965,13127.84961,221760000,0.000379283
11/09/2007,13129.40039,13308.38965,200160000,0.005880615
12/09/2007,13298.30957,13291.65039,195280000,-0.000217529
13/09/2007,13292.37988,13424.87988,209950000,0.004307664
14/09/2007,13421.38965,13442.51953,204780000,0.000683191
17/09/2007,13441.9502,13403.41992,169710000,-0.001246658
18/09/2007,13403.17969,13739.38965,277620000,0.0107596
19/09/2007,13740.61035,13815.55957,276590000,0.002362455
20/09/2007,13813.51953,13766.7002,200880000,-0.001474491
21/09/2007,13768.33008,13820.19043,419390000,0.001632758
24/09/2007,13821.57031,13759.05957,236690000,-0.001968636
25/09/2007,13757.83984,13778.65039,213040000,0.000656431
26/09/2007,13779.29981,13878.15039,206560000,0.00310444
27/09/2007,13879.53027,13912.94043,156920000,0.001044157
28/09/2007,13912.94043,13895.62988,203030000,-0.000540688
01/10/2007,13895.70996,14087.54981,205720000,0.005954724
02/10/2007,14087.13965,14047.30957,169270000,-0.001229666
03/10/2007,14038.86035,13968.04981,178920000,-0.002196079
04/10/2007,13967.88965,13974.30957,143300000,0.000199565
05/10/2007,13969.07031,14066.00977,183540000,0.003003411
08/10/2007,14065.36035,14043.73047,116420000,-0.000668377
09/10/2007,14043.73047,14164.53027,176740000,0.003719691
10/10/2007,14165.01953,14078.69043,163280000,-0.002654918
11/10/2007,14079.09961,14015.12012,235090000,-0.001978057
12/10/2007,14016.33984,14093.08008,178740000,0.002371301
15/10/2007,14092.42969,13984.79981,220490000,-0.003329623
16/10/2007,13986.33984,13912.94043,229920000,-0.002285151
17/10/2007,13920.66016,13892.54004,315420000,-0.000878174
18/10/2007,13887.90039,13888.95996,205540000,3.3133E-05
19/10/2007,13888.46973,13522.01953,332350000,-0.011612838
22/10/2007,13521.62012,13566.96973,229440000,0.001454125
23/10/2007,13568.92969,13676.23047,206550000,0.003420819
24/10/2007,13675.58008,13675.25,259150000,-1.04824E-05
25/10/2007,13677.84961,13671.91992,274330000,-0.000188318
26/10/2007,13675.66016,13806.7002,311390000,0.004141595
29/10/2007,13807.34961,13870.25977,207930000,0.001974273
30/10/2007,13869.04004,13792.46973,189730000,-0.002404363
31/10/2007,13792.05957,13930.00977,277660000,0.004322297
01/11/2007,13924.16016,13567.87012,335560000,-0.011257332
02/11/2007,13569.90039,13595.09961,279780000,0.000805734
05/11/2007,13592.58008,13543.40039,259590000,-0.001574182
06/11/2007,13542.33984,13660.94043,252360000,0.003786889
07/11/2007,13646.71973,13300.01953,273050000,-0.011175993
08/11/2007,13299.7002,13266.29004,403680000,-0.001092363
09/11/2007,13261.16992,13042.74023,356840000,-0.007212995
12/11/2007,13039.16016,12987.54981,291980000,-0.001722394
13/11/2007,12975.11035,13307.08984,298250000,0.010972029
14/11/2007,13305.46973,13231.00977,267510000,-0.002437221
15/11/2007,13231.00977,13110.04981,242570000,-0.003988648
16/11/2007,13109.48047,13176.79004,314920000,0.002224145
19/11/2007,13176.29981,12958.44043,285790000,-0.007240731
20/11/2007,12955.91992,13010.13965,325810000,0.001813703
21/11/2007,13006.65039,12799.04004,284550000,-0.006988069
23/11/2007,12796.07031,12980.87988,122250000,0.006227513
26/11/2007,12979.99023,12743.44043,265610000,-0.007987673
27/11/2007,12744.78027,12958.44043,296070000,0.007220384
28/11/2007,12958.04004,13289.4502,310080000,0.010967696
29/11/2007,13287.91016,13311.73047,201410000,0.000777833
30/11/2007,13314.25,13371.71973,312570000,0.001870558
03/12/2007,13368.21973,13314.57031,212170000,-0.00174642
04/12/2007,13311.24023,13248.73047,204940000,-0.002044256
05/12/2007,13244.00977,13444.95996,256800000,0.006540021
06/12/2007,13445.84961,13619.88965,197270000,0.005585339
07/12/2007,13618.26953,13625.58008,179420000,0.000233075
10/12/2007,13623.54981,13727.03027,190220000,0.003286308
11/12/2007,13726.87012,13432.76953,280630000,-0.009405961
12/12/2007,13434.79981,13473.90039,310470000,0.001262133
13/12/2007,13473.98047,13517.95996,248800000,0.001415242
14/12/2007,13515.11035,13339.84961,245590000,-0.005668663
17/12/2007,13339.2002,13167.2002,243400000,-0.005636352
18/12/2007,13168.66016,13232.46973,233020000,0.002099319
19/12/2007,13231.98047,13207.26953,208330000,-0.00081181
20/12/2007,13206.45996,13245.63965,203910000,0.001286517
21/12/2007,13241.66016,13450.65039,430600000,0.006800847
24/12/2007,13450.73047,13550.04004,86400000,0.003194708
26/12/2007,13547.9502,13551.69043,122410000,0.000119881
27/12/2007,13549.16992,13359.61035,145770000,-0.006118898
28/12/2007,13361.23047,13365.87012,142930000,0.000150781
31/12/2007,13364.16016,13264.82031,167240000,-0.0032403
02/01/2008,13261.82031,13043.95996,239580000,-0.007193682
03/01/2008,13044.12012,13056.71973,200620000,0.000419292
04/01/2008,13046.55957,12800.17969,304210000,-0.008279935
07/01/2008,12801.15039,12827.49023,306700000,0.000892693
08/01/2008,12820.90039,12589.07031,322690000,-0.007924867
09/01/2008,12590.20996,12735.30957,332900000,0.004976534
10/01/2008,12733.11035,12853.08984,325330000,0.00407304
11/01/2008,12850.74023,12606.29981,301890000,-0.008340513
14/01/2008,12613.78027,12778.15039,245370000,0.005622734
15/01/2008,12777.5,12501.11035,339700000,-0.009497301
16/01/2008,12476.80957,12466.16016,500040000,-0.000370845
17/01/2008,12467.04981,12159.20996,439830000,-0.010858337
18/01/2008,12159.94043,12099.29981,483300000,-0.002171209
22/01/2008,12092.71973,11971.19043,506500000,-0.004386648
23/01/2008,11969.08008,12270.16992,536520000,0.010789804
24/01/2008,12272.69043,12378.61035,387900000,0.003732113
25/01/2008,12391.7002,12207.16992,393660000,-0.006515908
28/01/2008,12205.70996,12383.88965,278990000,0.006294028
29/01/2008,12385.19043,12480.29981,285090000,0.00332233
30/01/2008,12480.13965,12442.83008,334680000,-0.001300275
31/01/2008,12438.28027,12650.36035,394330000,0.007342558
01/02/2008,12638.16992,12743.19043,379580000,0.003593983
04/02/2008,12743.11035,12635.16016,237410000,-0.003694693
05/02/2008,12631.84961,12265.12988,334380000,-0.012794795
06/02/2008,12257.25,12200.09961,296360000,-0.002029668
07/02/2008,12196.2002,12247,326200000,0.001805173
08/02/2008,12248.46973,12182.12988,262200000,-0.002358608
11/02/2008,12181.88965,12240.00977,268100000,0.002067103
12/02/2008,12241.55957,12373.41016,256970000,0.004652659
13/02/2008,12368.12012,12552.24023,236300000,0.006417548
14/02/2008,12551.50977,12376.98047,233790000,-0.006081263
15/02/2008,12376.66016,12348.20996,289800000,-0.000999461
19/02/2008,12349.58984,12337.21973,257550000,-0.000435234
20/02/2008,12333.30957,12427.25977,297990000,0.003295744
21/02/2008,12426.84961,12284.29981,293420000,-0.005010635
22/02/2008,12281.08984,12381.01953,307090000,0.0035195
25/02/2008,12380.76953,12570.21973,288600000,0.00659523
26/02/2008,12569.48047,12684.91992,291760000,0.003970402
27/02/2008,12683.54004,12694.28027,263720000,0.000367599
28/02/2008,12689.28027,12582.17969,247270000,-0.003681107
29/02/2008,12579.58008,12266.38965,351870000,-0.010949388
03/03/2008,12264.36035,12258.90039,259730000,-0.000193386
04/03/2008,12259.13965,12213.79981,347720000,-0.001609195
05/03/2008,12204.92969,12254.99023,304570000,0.001777688
06/03/2008,12254.58984,12040.38965,283100000,-0.007658239
07/03/2008,12039.08984,11893.69043,307580000,-0.005277025
10/03/2008,11893.04004,11740.15039,312020000,-0.005619221
11/03/2008,11741.33008,12156.80957,372330000,0.015102316
12/03/2008,12148.61035,12110.24023,288130000,-0.001373845
13/03/2008,12096.49023,12145.74023,336260000,0.001764609
14/03/2008,12146.38965,11951.08984,380810000,-0.007039698
17/03/2008,11946.4502,11972.25,382890000,0.0009369
18/03/2008,11975.91992,12392.66016,367780000,0.014855657
19/03/2008,12391.51953,12099.66016,328460000,-0.010351393
20/03/2008,12102.42969,12361.32031,502650000,0.009192292
24/03/2008,12361.96973,12548.63965,264320000,0.006508972
25/03/2008,12547.33984,12532.59961,237650000,-0.000510496
26/03/2008,12531.79004,12422.86035,235020000,-0.003791507
27/03/2008,12421.87988,12302.45996,235390000,-0.004195365
28/03/2008,12303.91992,12216.40039,209000000,-0.003100238
31/03/2008,12215.91992,12262.88965,273610000,0.001666643
01/04/2008,12266.63965,12654.36035,295530000,0.01351459
02/04/2008,12651.66992,12608.91992,232760000,-0.001469966
03/04/2008,12605.83008,12626.03027,183870000,0.000695378
04/04/2008,12626.03027,12609.41992,181260000,-0.000571718
07/04/2008,12612.58984,12612.42969,198070000,-5.51475E-06
08/04/2008,12602.66016,12576.44043,197200000,-0.000904487
09/04/2008,12574.65039,12527.25977,194950000,-0.001639836
10/04/2008,12526.78027,12581.98047,227330000,0.001909547
11/04/2008,12579.78027,12325.41992,286850000,-0.008871331
14/04/2008,12324.76953,12302.05957,216010000,-0.000800981
15/04/2008,12302.05957,12362.46973,208950000,0.002127415
16/04/2008,12371.50977,12619.26953,269490000,0.008611514
17/04/2008,12617.40039,12620.49023,217000000,0.00010634
18/04/2008,12626.75977,12849.36035,304030000,0.007589591
21/04/2008,12850.91016,12825.01953,192400000,-0.000875852
22/04/2008,12825.01953,12720.23047,214950000,-0.003563055
23/04/2008,12721.4502,12763.21973,244120000,0.001423624
24/04/2008,12764.67969,12848.9502,249920000,0.002857724
25/04/2008,12848.37988,12891.86035,240760000,0.001467224
28/04/2008,12890.75977,12871.75,222300000,-0.000640919
29/04/2008,12870.37012,12831.94043,218020000,-0.001298701
30/04/2008,12831.4502,12820.12988,255070000,-0.000383317
01/05/2008,12818.33984,13010,245480000,0.006445515
02/05/2008,13012.53027,13058.2002,205410000,0.00152157
05/05/2008,13056.57031,12969.54004,197810000,-0.002904538
06/05/2008,12968.88965,13020.83008,199370000,0.001735877
07/05/2008,13010.82031,12814.34961,235000000,-0.006608111
08/05/2008,12814.34961,12866.78027,195570000,0.001773316
09/05/2008,12860.67969,12745.87988,180240000,-0.0038941
12/05/2008,12745.54981,12876.30957,198110000,0.004432835
13/05/2008,12872.08008,12832.17969,236710000,-0.0013483
14/05/2008,12825.12012,12898.37988,206820000,0.002473722
15/05/2008,12891.29004,12992.66016,217780000,0.003401699
16/05/2008,12992.74023,12986.79981,249260000,-0.00019861
19/05/2008,12985.41016,13028.16016,193770000,0.001427417
20/05/2008,13026.04004,12828.67969,265220000,-0.006630447
21/05/2008,12824.94043,12601.19043,265810000,-0.007643782
22/05/2008,12597.69043,12625.62012,216360000,0.000961786
23/05/2008,12620.90039,12479.62988,190210000,-0.004888634
27/05/2008,12479.62988,12548.34961,201530000,0.002384905
28/05/2008,12542.90039,12594.03027,213680000,0.00176676
29/05/2008,12593.87012,12646.21973,206420000,0.001801513
30/05/2008,12647.36035,12638.32031,210230000,-0.000310535
02/06/2008,12637.66992,12503.82031,199090000,-0.004624284
03/06/2008,12503.2002,12402.84961,227460000,-0.003499707
04/06/2008,12391.86035,12390.48047,238590000,-4.83631E-05
05/06/2008,12388.80957,12604.4502,236160000,0.007494329
06/06/2008,12602.74023,12209.80957,307820000,-0.013756094
09/06/2008,12210.12988,12280.32031,266350000,0.002489411
10/06/2008,12277.70996,12289.75977,240760000,0.000426024
11/06/2008,12286.33984,12083.76953,247120000,-0.00722009
12/06/2008,12089.62988,12141.58008,260960000,0.001862203
13/06/2008,12144.58984,12307.34961,247980000,0.005781685
16/06/2008,12306.86035,12269.08008,222140000,-0.001335272
17/06/2008,12269.65039,12160.29981,174690000,-0.003887906
18/06/2008,12158.67969,12029.05957,212900000,-0.004654742
19/06/2008,12029.05957,12063.08984,230920000,0.001226887
20/06/2008,12062.19043,11842.69043,429700000,-0.007975804
23/06/2008,11843.83008,11842.36035,182870000,-5.38959E-05
24/06/2008,11842.36035,11807.42969,225270000,-0.001282904
25/06/2008,11805.30957,11811.83008,236160000,0.000239811
26/06/2008,11808.57031,11453.41992,302550000,-0.013262136
27/06/2008,11452.84961,11346.50977,338250000,-0.004051267
30/06/2008,11345.7002,11350.00977,282210000,0.000164932
01/07/2008,11344.63965,11382.25977,299590000,0.001437787
02/07/2008,11382.33984,11215.50977,230690000,-0.00641253
03/07/2008,11216,11288.54004,176910000,0.002799777
07/07/2008,11289.19043,11231.95996,248240000,-0.002207252
08/07/2008,11225.03027,11384.20996,271500000,0.006115376
09/07/2008,11381.92969,11147.44043,227100000,-0.009040738
10/07/2008,11148.00977,11229.01953,248010000,0.003144497
11/07/2008,11226.16992,11100.54004,275010000,-0.004887504
14/07/2008,11103.63965,11055.19043,205360000,-0.001899131
15/07/2008,11050.79981,10962.54004,331390000,-0.003482519
16/07/2008,10961.88965,11239.28027,307590000,0.010853076
17/07/2008,11238.38965,11446.66016,335260000,0.007974704
18/07/2008,11436.55957,11496.57031,378610000,0.002272903
21/07/2008,11495.01953,11467.33984,212850000,-0.00104703
22/07/2008,11457.90039,11602.5,273690000,0.005446535
23/07/2008,11603.38965,11632.37988,264520000,0.0010837
24/07/2008,11630.33984,11349.28027,241140000,-0.010624084
25/07/2008,11341.13965,11370.69043,190920000,0.001130138
28/07/2008,11369.46973,11131.08008,197550000,-0.009202903
29/07/2008,11133.44043,11397.55957,206930000,0.010182481
30/07/2008,11397.55957,11583.69043,208520000,0.007035072
31/07/2008,11577.99023,11378.01953,220200000,-0.007566504
01/08/2008,11379.88965,11326.32031,189700000,-0.002049211
04/08/2008,11326.32031,11284.15039,170250000,-0.001619974
05/08/2008,11286.01953,11615.76953,234990000,0.012507189
06/08/2008,11603.63965,11656.07031,180060000,0.001957925
07/08/2008,11655.41992,11431.42969,229610000,-0.008427375
08/08/2008,11432.08984,11734.32031,212830000,0.01133231
11/08/2008,11729.66992,11782.34961,183190000,0.001946114
12/08/2008,11781.7002,11642.46973,173590000,-0.00516285
13/08/2008,11632.80957,11532.95996,182550000,-0.003743834
14/08/2008,11532.07031,11615.92969,159790000,0.003146693
15/08/2008,11611.20996,11659.90039,215040000,0.001817362
18/08/2008,11659.65039,11479.38965,156290000,-0.006766731
19/08/2008,11478.08984,11348.54981,171580000,-0.004929252
20/08/2008,11345.94043,11417.42969,144880000,0.002727847
21/08/2008,11415.23047,11430.20996,130020000,0.000569524
22/08/2008,11426.79004,11628.05957,138790000,0.007583
25/08/2008,11626.19043,11386.25,148610000,-0.009056717
26/08/2008,11383.55957,11412.87012,119800000,0.00111679
27/08/2008,11412.45996,11502.50977,120580000,0.003413344
28/08/2008,11499.87012,11715.17969,149150000,0.008056019
29/08/2008,11713.23047,11543.95996,166910000,-0.006321877
02/09/2008,11545.62988,11516.91992,177090000,-0.001081284
03/09/2008,11506.00977,11532.87988,174250000,0.00101303
04/09/2008,11532.48047,11188.23047,229200000,-0.013161324
05/09/2008,11185.62988,11220.95996,198300000,0.001369568
08/09/2008,11224.87012,11510.74023,273000000,0.010921929
09/09/2008,11514.73047,11230.73047,257300000,-0.010845772
10/09/2008,11233.91016,11268.91992,214260000,0.001351347
11/09/2008,11264.44043,11433.70996,247820000,0.006477549
12/09/2008,11429.32031,11421.99023,238890000,-0.00027862
15/09/2008,11416.37012,10917.50977,432970000,-0.019404451
16/09/2008,10905.62012,11059.01953,494760000,0.00606626
17/09/2008,11056.58008,10609.66016,463200000,-0.017919343
18/09/2008,10609.00977,11019.69043,488060000,0.016494545
19/09/2008,11027.50977,11388.44043,655110000,0.013986803
22/09/2008,11394.41992,11015.69043,213210000,-0.014680498
23/09/2008,11015.69043,10854.16992,204480000,-0.006415106
24/09/2008,10850.01953,10825.16992,183630000,-0.000995798
25/09/2008,10827.16992,11022.05957,218530000,0.007747801
26/09/2008,11019.04004,11143.12988,232560000,0.004863432
29/09/2008,11139.62012,10365.4502,385940000,-0.031282212
30/09/2008,10371.58008,10850.66016,319770000,0.019611237
01/10/2008,10847.40039,10831.07031,256670000,-0.000654296
02/10/2008,10825.54004,10482.84961,395330000,-0.013970215
03/10/2008,10483.95996,10325.37988,299690000,-0.006619315
06/10/2008,10322.51953,9955.5,391460000,-0.015722637
07/10/2008,9955.419922,9447.110352,362520000,-0.022760595
08/10/2008,9437.230469,9258.099609,479270000,-0.008322712
09/10/2008,9261.69043,8579.19043,436740000,-0.033243953
10/10/2008,8568.669922,8451.19043,674920000,-0.005995526
13/10/2008,8462.419922,9387.610352,399290000,0.045060483
14/10/2008,9388.969727,9310.990234,412740000,-0.003622068
15/10/2008,9301.910156,8577.910156,374350000,-0.035190647
16/10/2008,8577.040039,8979.259766,422450000,0.019903098
17/10/2008,8975.349609,8852.219727,360600000,-0.005999189
20/10/2008,8852.299805,9265.429688,241400000,0.019809451
21/10/2008,9262.799805,9033.660156,231160000,-0.010878529
22/10/2008,9027.839844,8519.209961,348840000,-0.025184524
23/10/2008,8519.769531,8691.25,340740000,0.008654396
24/10/2008,8683.209961,8378.950195,335680000,-0.015490693
27/10/2008,8375.919922,8175.77002,281180000,-0.01050385
28/10/2008,8178.720215,9065.120117,372160000,0.044688211
29/10/2008,9062.330078,8990.959961,316230000,-0.003433813
30/10/2008,9004.660156,9180.69043,267210000,0.008408017
31/10/2008,9179.089844,9325.009766,310950000,0.006849675
03/11/2008,9326.040039,9319.830078,180970000,-0.000289281
04/11/2008,9323.889648,9625.280273,254930000,0.01381626
05/11/2008,9616.599609,9139.269531,264640000,-0.022110049
06/11/2008,9134.009766,8695.790039,344350000,-0.021352427
07/11/2008,8696.030273,8943.80957,246300000,0.012201501
10/11/2008,8946.599609,8870.540039,221230000,-0.003707941
11/11/2008,8864.320313,8693.959961,257270000,-0.008427805
12/11/2008,8684.519531,8282.660156,314660000,-0.020575954
13/11/2008,8281.139648,8835.25,476600000,0.028128734
14/11/2008,8822.19043,8497.30957,304370000,-0.016294987
17/11/2008,8494.839844,8273.580078,278220000,-0.011461721
18/11/2008,8273.339844,8424.75,366390000,0.007876158
19/11/2008,8420.69043,7997.279785,350470000,-0.022405412
20/11/2008,7995.529785,7552.290039,528130000,-0.024768585
21/11/2008,7552.370117,8046.419922,569010000,0.027519428
24/11/2008,8048.089844,8443.389648,491890000,0.020824016
25/11/2008,8445.139648,8479.469727,374020000,0.001761859
26/11/2008,8464.490234,8726.610352,283920000,0.013244777
28/11/2008,8724.700195,8829.040039,155510000,0.005162974
01/12/2008,8826.889648,8149.089844,321010000,-0.034698591
02/12/2008,8153.75,8419.089844,307520000,0.013907753
03/12/2008,8409.139648,8591.69043,294680000,0.009327056
04/12/2008,8587.070313,8376.240234,280880000,-0.010795894
05/12/2008,8376.080078,8635.419922,346370000,0.013242641
08/12/2008,8637.650391,8934.179688,358970000,0.014659061
09/12/2008,8934.099609,8691.330078,284950000,-0.011964546
10/12/2008,8693,8761.419922,232830000,0.003404816
11/12/2008,8750.129883,8565.089844,290540000,-0.009282577
12/12/2008,8563.099609,8629.679688,271030000,0.00336368
15/12/2008,8628.80957,8564.530273,229940000,-0.003247336
16/12/2008,8565.650391,8924.139648,337190000,0.017806013
17/12/2008,8921.910156,8824.339844,239260000,-0.00477562
18/12/2008,8823.94043,8604.990234,274080000,-0.010912186
19/12/2008,8606.5,8579.110352,550150000,-0.001384319
22/12/2008,8573.370117,8519.69043,211090000,-0.002727758
23/12/2008,8518.650391,8419.490234,174640000,-0.005084997
24/12/2008,8416.860352,8468.480469,66930000,0.002655369
26/12/2008,8468.709961,8515.549805,86760000,0.002395434
29/12/2008,8515.870117,8483.929688,153730000,-0.001631968
30/12/2008,8487.509766,8668.389648,162560000,0.009158138
31/12/2008,8666.480469,8776.389648,226760000,0.005473134
02/01/2009,8772.25,9034.69043,213700000,0.012802276
05/01/2009,9027.129883,8952.889648,233760000,-0.00358646
06/01/2009,8954.570313,9015.099609,215410000,0.002925779
07/01/2009,8996.94043,8769.700195,266710000,-0.011110098
08/01/2009,8769.94043,8742.459961,226620000,-0.001362991
09/01/2009,8738.799805,8599.179688,204300000,-0.006994766
12/01/2009,8599.259766,8473.969727,273550000,-0.00637416
13/01/2009,8474.610352,8448.55957,304050000,-0.001337069
14/01/2009,8446.009766,8200.139648,355050000,-0.012830331
15/01/2009,8196.240234,8212.490234,436660000,0.000860187
16/01/2009,8215.669922,8281.219727,439360000,0.003451326
20/01/2009,8279.629883,7949.089844,419200000,-0.017693518
21/01/2009,7949.169922,8228.099609,410040000,0.01497776
22/01/2009,8224.429688,8122.799805,420040000,-0.005400042
23/01/2009,8108.790039,8077.560059,370510000,-0.00167586
26/01/2009,8078.040039,8116.029785,316720000,0.002037631
27/01/2009,8117.390137,8174.72998,247750000,0.003056997
28/01/2009,8175.930176,8375.450195,357940000,0.010470987
29/01/2009,8373.05957,8149.009766,247450000,-0.011779343
30/01/2009,8149.009766,8000.859863,303160000,-0.007968175
02/02/2009,8000.620117,7936.75,293890000,-0.003480949
03/02/2009,7936.990234,8078.359863,313090000,0.00766735
04/02/2009,8070.319824,7956.660156,345520000,-0.006159937
05/02/2009,7954.830078,8063.069824,390980000,0.005869514
06/02/2009,8056.379883,8280.589844,396380000,0.011921337
09/02/2009,8281.379883,8270.870117,289280000,-0.000551506
10/02/2009,8269.360352,7888.879883,449890000,-0.020456574
11/02/2009,7887.049805,7939.529785,270280000,0.002880199
12/02/2009,7931.970215,7932.759766,331960000,4.32277E-05
13/02/2009,7933,7850.410156,251960000,-0.004545107
17/02/2009,7845.629883,7552.600098,332850000,-0.016531327
18/02/2009,7546.350098,7555.629883,268220000,0.000533726
19/02/2009,7555.22998,7465.950195,301480000,-0.0051626
20/02/2009,7461.490234,7365.669922,584900000,-0.005613322
23/02/2009,7365.990234,7114.779785,406150000,-0.015069676
24/02/2009,7115.339844,7350.939941,468010000,0.014147227
25/02/2009,7349.580078,7270.890137,450270000,-0.004674944
26/02/2009,7269.060059,7182.080078,321300000,-0.005228014
27/02/2009,7180.970215,7062.930176,667950000,-0.007198213
02/03/2009,7056.47998,6763.290039,568670000,-0.018430101
03/03/2009,6764.810059,6726.02002,445280000,-0.002497451
04/03/2009,6726.5,6875.839844,464830000,0.009536606
05/03/2009,6874.009766,6594.439941,509770000,-0.018032228
06/03/2009,6595.160156,6626.939941,425170000,0.002087688
09/03/2009,6625.740234,6547.049805,365990000,-0.00518876
10/03/2009,6547.009766,6926.490234,640020000,0.024470237
11/03/2009,6923.129883,6930.399902,524430000,0.000455816
12/03/2009,6932.390137,7170.060059,488690000,0.014639798
13/03/2009,7167.350098,7223.97998,479010000,0.003417915
16/03/2009,7225.330078,7216.970215,586970000,-0.000502779
17/03/2009,7218,7395.700195,391880000,0.01056242
18/03/2009,7395.700195,7486.580078,584110000,0.005304177
19/03/2009,7489.680176,7400.799805,559920000,-0.005184616
20/03/2009,7402.310059,7278.379883,672950000,-0.007332553
23/03/2009,7279.25,7775.859863,515600000,0.02866179
24/03/2009,7773.470215,7659.970215,379670000,-0.006387858
25/03/2009,7659.810059,7749.810059,454090000,0.005073058
26/03/2009,7752.359863,7924.560059,397260000,0.009541237
27/03/2009,7922.569824,7776.180176,323650000,-0.008099761
30/03/2009,7773.310059,7522.02002,383260000,-0.014271506
31/03/2009,7523.77002,7608.919922,399840000,0.004887502
01/04/2009,7606.129883,7761.600098,361340000,0.008787526
02/04/2009,7763.990234,7978.080078,442820000,0.011813411
03/04/2009,7980.629883,8017.589844,308210000,0.002006665
06/04/2009,8016.160156,7975.850098,247400000,-0.002189402
07/04/2009,7968.919922,7789.560059,276920000,-0.009886533
08/04/2009,7788.680176,7837.109863,255350000,0.002692064
09/04/2009,7839.890137,8083.379883,462060000,0.013283012
13/04/2009,8082.02002,8057.810059,424250000,-0.001302896
14/04/2009,8057.410156,7920.180176,513010000,-0.00746041
15/04/2009,7914.919922,8029.620117,413280000,0.006248474
16/04/2009,8029.140137,8125.430176,359470000,0.005177325
17/04/2009,8125.430176,8131.330078,537670000,0.000315228
20/04/2009,8128.939941,7841.72998,453660000,-0.015622031
21/04/2009,7841.72998,7969.560059,424030000,0.007022464
22/04/2009,7964.779785,7886.569824,387030000,-0.00428562
23/04/2009,7886.810059,7957.060059,327240000,0.003851254
24/04/2009,7957.450195,8076.290039,402720000,0.006437978
27/04/2009,8073.819824,8025,282990000,-0.002634012
28/04/2009,8023.560059,8016.950195,274710000,-0.000357922
29/04/2009,8018.310059,8185.72998,300340000,0.008974569
30/04/2009,8188.509766,8168.120117,341400000,-0.001082756
01/05/2009,8167.410156,8212.410156,237360000,0.002386266
04/05/2009,8213.599609,8426.740234,354490000,0.011126078
05/05/2009,8425.549805,8410.650391,311490000,-0.000768669
06/05/2009,8403.480469,8512.280273,454480000,0.00558672
07/05/2009,8512.280273,8409.849609,476640000,-0.005257685
08/05/2009,8410.730469,8574.650391,428420000,0.008382706
11/05/2009,8569.230469,8418.769531,332630000,-0.007693203
12/05/2009,8419.169922,8469.110352,334840000,0.002568517
13/05/2009,8461.799805,8284.889648,336930000,-0.009176018
14/05/2009,8285.919922,8331.320313,323800000,0.0023731
15/05/2009,8326.219727,8268.639648,308820000,-0.003013802
18/05/2009,8270.150391,8504.080078,288280000,0.012113934
19/05/2009,8502.480469,8474.849609,277710000,-0.001413643
20/05/2009,8471.820313,8422.040039,468640000,-0.002559434
21/05/2009,8416.070313,8292.129883,302280000,-0.006443259
22/05/2009,8292.209961,8277.320313,244190000,-0.000780528
26/05/2009,8277.320313,8473.490234,314760000,0.010172572
27/05/2009,8473.650391,8300.019531,285990000,-0.008991427
28/05/2009,8300.5,8403.799805,290730000,0.005371444
29/05/2009,8404.040039,8500.330078,361910000,0.004947677
01/06/2009,8501.530273,8721.44043,354830000,0.011091113
02/06/2009,8721.599609,8740.870117,257560000,0.000958522
03/06/2009,8740.070313,8675.240234,252160000,-0.003233416
04/06/2009,8675.280273,8750.240234,237800000,0.003736462
05/06/2009,8751.75,8763.129883,254970000,0.000564345
08/06/2009,8759.349609,8764.490234,189630000,0.000254801
09/06/2009,8764.830078,8763.05957,187930000,-8.7737E-05
10/06/2009,8763.660156,8739.019531,219920000,-0.001222818
11/06/2009,8736.230469,8770.919922,249900000,0.001721063
12/06/2009,8770.009766,8799.259766,164020000,0.001446062
15/06/2009,8798.5,8612.129883,230220000,-0.009298067
16/06/2009,8612.44043,8504.669922,240690000,-0.005468768
17/06/2009,8504.360352,8497.179688,237870000,-0.000366852
18/06/2009,8496.730469,8555.599609,220050000,0.00299861
19/06/2009,8556.959961,8539.730469,528710000,-0.000875336
22/06/2009,8538.519531,8339.009766,291240000,-0.010268094
23/06/2009,8340.44043,8322.910156,237150000,-0.000913778
24/06/2009,8323.509766,8299.860352,189430000,-0.001235708
25/06/2009,8299.25,8472.400391,222540000,0.008967624
26/06/2009,8468.540039,8438.389648,307640000,-0.00154897
29/06/2009,8440.129883,8529.379883,216480000,0.004568328
30/06/2009,8528.929688,8447,233340000,-0.00419204
01/07/2009,8447.530273,8504.05957,184600000,0.002896537
02/07/2009,8503,8280.740234,157800000,-0.011503018
06/07/2009,8280.740234,8324.870117,206900000,0.002308305
07/07/2009,8324.950195,8163.600098,210880000,-0.008499922
08/07/2009,8163.600098,8178.410156,325250000,0.000787165
09/07/2009,8179.009766,8183.169922,192660000,0.000220843
10/07/2009,8182.490234,8146.52002,174260000,-0.001913367
13/07/2009,8146.52002,8331.679688,253520000,0.009760436
14/07/2009,8331.370117,8359.490234,189170000,0.001463367
15/07/2009,8363.950195,8616.209961,305000000,0.012904835
16/07/2009,8612.660156,8711.820313,216580000,0.004971598
17/07/2009,8711.889648,8743.94043,301410000,0.001594825
20/07/2009,8746.049805,8848.150391,213730000,0.00504055
21/07/2009,8848.150391,8915.94043,218910000,0.003314662
22/07/2009,8912.389648,8881.259766,199010000,-0.001519593
23/07/2009,8882.30957,9069.290039,274760000,0.009047386
24/07/2009,9066.110352,9093.240234,214310000,0.001297664
27/07/2009,9093.089844,9108.509766,176830000,0.000735846
28/07/2009,9106.919922,9096.719727,198270000,-0.000486704
29/07/2009,9092.339844,9070.719727,190510000,-0.001033912
30/07/2009,9072.839844,9154.459961,232410000,0.003889485
31/07/2009,9154.610352,9171.610352,265570000,0.000805732
03/08/2009,9173.650391,9286.55957,221690000,0.005312664
04/08/2009,9285.049805,9320.19043,195990000,0.001640548
05/08/2009,9315.360352,9280.969727,236610000,-0.001606304
06/08/2009,9277.19043,9256.259766,244450000,-0.000980937
07/08/2009,9258.450195,9370.070313,216600000,0.005204555
10/08/2009,9368.410156,9337.950195,161370000,-0.001414343
11/08/2009,9334.330078,9241.450195,171380000,-0.004343027
12/08/2009,9236.05957,9361.610352,197420000,0.005863836
13/08/2009,9362.290039,9398.19043,145620000,0.001662149
14/08/2009,9398.040039,9321.400391,172780000,-0.003556128
17/08/2009,9313.849609,9135.339844,207100000,-0.008404513
18/08/2009,9134.360352,9217.94043,158530000,0.003955757
19/08/2009,9208.679688,9279.160156,176910000,0.003311304
20/08/2009,9278.549805,9350.049805,151740000,0.003333821
21/08/2009,9347.860352,9505.959961,293530000,0.007283765
24/08/2009,9506.179688,9509.280273,190590000,0.000141629
25/08/2009,9509.209961,9539.290039,173890000,0.001371617
26/08/2009,9538.610352,9543.519531,154660000,0.000223458
27/08/2009,9541.629883,9580.629883,163980000,0.001771497
28/08/2009,9582.740234,9544.200195,205770000,-0.001750175
31/08/2009,9542.910156,9496.280273,201600000,-0.002127311
01/09/2009,9492.320313,9310.599609,267680000,-0.008394734
02/09/2009,9306.209961,9280.669922,175200000,-0.00119352
03/09/2009,9282.030273,9344.610352,168750000,0.002918217
04/09/2009,9345.360352,9441.269531,152400000,0.004434344
08/09/2009,9440.129883,9497.339844,202370000,0.002624009
09/09/2009,9496.589844,9547.219727,190820000,0.002309237
10/09/2009,9546.540039,9627.480469,234130000,0.003666648
11/09/2009,9625.44043,9605.410156,196760000,-0.000904696
14/09/2009,9598.080078,9626.799805,196480000,0.001297572
15/09/2009,9626.419922,9683.410156,224030000,0.002563525
16/09/2009,9683.709961,9791.709961,241270000,0.004816767
17/09/2009,9789.820313,9783.919922,225470000,-0.000261831
18/09/2009,9784.75,9820.200195,424930000,0.001570607
21/09/2009,9818.610352,9778.860352,172830000,-0.001761781
22/09/2009,9779.610352,9829.870117,194620000,0.002226228
23/09/2009,9830.629883,9748.549805,233330000,-0.003641331
24/09/2009,9749.990234,9707.44043,201890000,-0.001899447
25/09/2009,9706.679688,9665.19043,189350000,-0.001860283
28/09/2009,9663.230469,9789.360352,163780000,0.005631978
29/09/2009,9789.740234,9742.200195,154000000,-0.002114118
30/09/2009,9741.830078,9712.280273,268390000,-0.001319344
01/10/2009,9711.599609,9509.280273,266990000,-0.009143121
02/10/2009,9507.620117,9487.669922,219750000,-0.000912254
05/10/2009,9488.730469,9599.75,173850000,0.005051813
06/10/2009,9601.259766,9731.25,206020000,0.00584041
07/10/2009,9725.69043,9725.580078,167650000,-4.92773E-06
08/10/2009,9728.219727,9786.870117,209580000,0.002610454
09/10/2009,9786.040039,9864.94043,161120000,0.003487479
12/10/2009,9865.240234,9885.799805,158850000,0.000904146
13/10/2009,9883.980469,9871.05957,211510000,-0.000568106
14/10/2009,9873.549805,10015.86035,284810000,0.006214939
15/10/2009,10014.87988,10062.94043,252480000,0.002079157
16/10/2009,10061.36035,9995.910156,307770000,-0.00283436
19/10/2009,9996.669922,10092.19043,186240000,0.004130084
20/10/2009,10092.41992,10041.48047,214500000,-0.002197564
21/10/2009,10038.83984,9949.360352,251050000,-0.003888365
22/10/2009,9946.179688,10081.30957,231900000,0.00586065
23/10/2009,10099.90039,9972.179688,305670000,-0.005526995
26/10/2009,9972.330078,9867.959961,270050000,-0.004569266
27/10/2009,9868.339844,9882.169922,237060000,0.00060822
28/10/2009,9881.110352,9762.69043,257370000,-0.005236231
29/10/2009,9762.910156,9962.580078,248950000,0.008792533
30/10/2009,9961.519531,9712.730469,327980000,-0.010984254
02/11/2009,9712.129883,9789.44043,242460000,0.003443386
03/11/2009,9787.469727,9771.910156,231520000,-0.000690966
04/11/2009,9767.299805,9802.139648,224130000,0.001546367
05/11/2009,9807.799805,10005.95996,211040000,0.008687168
06/11/2009,10001.34961,10023.41992,181010000,0.000957316
09/11/2009,10020.62012,10226.94043,227470000,0.008851128
10/11/2009,10223.00977,10246.96973,193950000,0.001016677
11/11/2009,10247.41992,10291.25977,166920000,0.001854007
12/11/2009,10289.82031,10197.46973,183810000,-0.003915366
13/11/2009,10197.84961,10270.46973,167280000,0.003081704
16/11/2009,10267.53027,10406.95996,202570000,0.005857892
17/11/2009,10404.76953,10437.41992,158320000,0.001360692
18/11/2009,10426.26953,10426.30957,166340000,1.66778E-06
19/11/2009,10425.33008,10332.44043,196250000,-0.003886904
20/11/2009,10327.91016,10318.16016,230430000,-0.000410187
23/11/2009,10320.12988,10450.9502,182350000,0.005470615
24/11/2009,10451.25,10433.70996,163750000,-0.000729477
25/11/2009,10432.95996,10464.40039,130080000,0.001306808
27/11/2009,10452.23047,10309.91992,130290000,-0.005953685
30/11/2009,10309.76953,10344.83984,223580000,0.001474814
01/12/2009,10343.82031,10471.58008,190220000,0.005331251
02/12/2009,10470.44043,10452.67969,159500000,-0.000737308
03/12/2009,10455.62988,10366.15039,243970000,-0.003732696
04/12/2009,10368.57031,10388.90039,460660000,0.000850705
07/12/2009,10386.86035,10390.11035,196580000,0.000135867
08/12/2009,10385.41992,10285.96973,221770000,-0.00417882
09/12/2009,10282.84961,10337.04981,188610000,0.002283125
10/12/2009,10336,10405.83008,195910000,0.002924229
11/12/2009,10403.41016,10471.5,179970000,0.002833176
14/12/2009,10471.28027,10501.04981,154360000,0.001232934
15/12/2009,10499.30957,10452,187560000,-0.00196134
16/12/2009,10449.80957,10441.12012,208310000,-0.000361284
17/12/2009,10439.99023,10308.25977,198860000,-0.005514738
18/12/2009,10309.38965,10328.88965,480080000,0.000820683
21/12/2009,10330.09961,10414.13965,164470000,0.003518888
22/12/2009,10414.66992,10464.92969,135080000,0.002090805
23/12/2009,10464.32031,10466.44043,112460000,8.7981E-05
24/12/2009,10467.12012,10520.08984,52670000,0.002192241
28/12/2009,10517.91016,10547.08008,102010000,0.001202787
29/12/2009,10547.83008,10545.41016,92890000,-9.96489E-05
30/12/2009,10544.36035,10548.50977,110160000,0.00017087
31/12/2009,10548.50977,10428.04981,137940000,-0.004988013